 	Task	Responder	sender_entity	sender_name	recipient	block	tool_type	tool	content
 	Mentor	Entity.USER	Entity.USER			None			
 	Mentor	Entity.USER	Entity.USER	Entity.USER		None			[CANNOT RESPOND]
 	Mentor	Entity.AGENT	Entity.USER			None			
*	Mentor	Entity.LLM	Entity.LLM			None			Hello! How are you doing today? Let's talk about your recent learning experiences. What was the topic of this week's lecture?
*	Mentor	Entity.USER	Entity.USER			None			I learned about word embeddings and how to cluster sentences.
 	Mentor	Entity.AGENT	Entity.USER			None			
*	Mentor	Entity.LLM	Entity.LLM			None			That sounds like a fascinating topic! How do you see this topic being relevant to your studies or future career?
*	Mentor	Entity.USER	Entity.USER			None			There are many applications in my everyday studies. I can use it to cluster all kinds of texts
 	Mentor	Entity.AGENT	Entity.USER			None			
*	Mentor	Entity.LLM	Entity.LLM			None			That's great! It sounds like you're already seeing the practical applications of...d you have any previous knowledge about word embeddings and sentence clustering?
*	Mentor	Entity.USER	Entity.USER			None			no
 	Mentor	Entity.AGENT	Entity.USER			None			
*	Mentor	Entity.LLM	Entity.LLM			None			That's perfectly fine. It's always exciting to learn something completely new. H...ng this new topic? Was there anything that was particularly challenging for you?
*	Mentor	Entity.USER	Entity.USER			None			difficult
 	Mentor	Entity.AGENT	Entity.USER			None			
*	Mentor	Entity.LLM	Entity.LLM			None			I understand that new topics can be challenging. Can you identify what specifica...s difficult for you to understand about word embeddings and sentence clustering?
*	Mentor	Entity.USER	Entity.USER			None			I don't know
 	Mentor	Entity.AGENT	Entity.USER			None			
*	Mentor	Entity.LLM	Entity.LLM			None			That's okay. Sometimes it can be hard to pinpoint exactly what's causing difficu...ring, or perhaps the application of these techniques that you found challenging?
*	Mentor	Entity.USER	Entity.USER			None			I don't understand what parameters are
 	Mentor	Entity.AGENT	Entity.USER			None			
*	Mentor	Entity.LLM	Entity.LLM			None			Ah, I see. Parameters can indeed be a tricky concept, especially in the context ...topic? Are there any additional materials or resources you think could help you?
*	Mentor	Entity.USER	Entity.USER			None			yes
 	Mentor	Entity.AGENT	Entity.USER			None			
*	Mentor	Entity.LLM	Entity.LLM			None			That's a good start. Could you please elaborate on what kind of additional materials or resources you think might be helpful in understanding this topic better?
*	Mentor	Entity.USER	Entity.USER			None			I don't know, i got distracted and missed that part
 	Mentor	Entity.AGENT	Entity.USER			None			
*	Mentor	Entity.LLM	Entity.LLM			None			That's okay, it happens to everyone. Distractions can sometimes make it hard to ...anding this can help you create a more conducive learning environment next time.
*	Mentor	Entity.USER	Entity.USER			None			i was chatting to my friends
 	Mentor	Entity.AGENT	Entity.USER			None			
*	Mentor	Entity.LLM	Entity.LLM			None			I see. While it's important to maintain social connections, it's also crucial to...ing presented. Now, thinking about the next lecture, how do you plan to prepare?
*	Mentor	Entity.USER	Entity.USER			None			i should look at the slides before the lecture
 	Mentor	Entity.AGENT	Entity.USER			None			
*	Mentor	Entity.LLM	Entity.LLM			None			That's a great idea! Reviewing the slides before the lecture can give you a head...else you could change in your preparation process to enhance your understanding?
*	Mentor	Entity.USER	Entity.USER			None			i could try to think of questions
 	Mentor	Entity.AGENT	Entity.USER			None			
*	Mentor	Entity.LLM	Entity.LLM			None			Absolutely, that's a fantastic approach! Generating questions based on your pre-...ect on your learning process. It's the key to becoming a more effective learner.
*	Mentor	Entity.USER	Entity.USER			None			q
